link_id,name,corridor_id,corridor_link_order,from_node_id,to_node_id,directed,geometry_id,geometry,dir_flag,length,grade,facility_type,capacity,free_speed,lanes,ramp_flag
100000001,115-04134,Corridor-1,29,100000001,100000002,1,,"LINESTRING (-112.22641999999999 33.66638,-112.21453999999999 33.667629999999996)",1,500,,,,,,0
100000002,115N04134,Corridor-1,30,100000002,100000003,1,,"LINESTRING (-112.21453999999999 33.667629999999996,-112.21385 33.6676)",1,500,,,,,,0
100000003,115-04135,Corridor-1,31,100000003,100000004,1,,"LINESTRING (-112.21385 33.6676,-112.2095 33.667609999999996)",1,500,,,,,,0
100000004,115N04135,Corridor-1,32,100000004,100000005,1,,"LINESTRING (-112.2095 33.667609999999996,-112.19649 33.66815)",1,500,,,,,,0
100000005,115-04136,Corridor-1,33,100000005,100000006,1,,"LINESTRING (-112.19649 33.66815,-112.19323 33.66819)",1,500,,,,,,0
100000006,115N04136,Corridor-1,34,100000006,100000007,1,,"LINESTRING (-112.19323 33.66819,-112.18051000000001 33.66826)",1,500,,,,,,0
1,,Corridor-1,,0,100000003,1,,,1,200,,,,,,1
