link_id,name,corridor_id,corridor_link_order,from_node_id,to_node_id,directed,geometry_id,geometry,dir_flag,length,grade,facility_type,capacity,free_speed,lanes,ramp_flag
100000001,115-04134,Corridor-1,29,100000001,100000002,1,,"LINESTRING (-112.22641999999999 33.66638,-112.21453999999999 33.667629999999996)",1,500,,,,,,0
100000002,115N04134,Corridor-1,30,100000002,100000003,1,,"LINESTRING (-112.21453999999999 33.667629999999996,-112.21385 33.6676)",1,500,,,,,,0
